,RTX,PLD,ABBV,BABA,GILD,SNY,ADBE,LLY,AMZN,HD,AVGO,IBM,UNH,UPS,PBR,V,SBUX,TSLA,TSM,600519.SS
Net Income,3195000000.0,3059214000.0,4863000000.0,80009000000.0,5665000000.0,5400000000.0,5428000000.0,5240400000.0,30425000000.0,15143000000.0,5895000000.0,7502000000.0,22381000000.0,6708000000.0,24884000000.0,19743000000.0,3760900000.0,14999000000.0,851740000000.0,74734071550.75
Net Assets,61445000000.0,57823720000.0,10397000000.0,1112599000000.0,22749000000.0,74353000000.0,16518000000.0,10863700000.0,201875000000.0,1044000000.0,67678000000.0,22613000000.0,98919000000.0,17314000000.0,78975000000.0,39137000000.0,-7441600000.0,63609000000.0,3453866500000.0,223656469294.82
Current Ratio,1.0354141271572463,0.5507136504028848,0.8721228297349436,1.7861245483467654,1.4259751773049645,1.2669888875118767,1.3433523209307963,0.9426157431155013,1.0450772206625152,1.3524869407222349,1.1735641133137689,0.9644217806693629,0.7918610051083248,1.0982688391038697,0.9582102776137035,1.2834408115548517,0.7549503858875414,1.7258939752330598,2.327133041601069,4.623892443179299
Free Cash Flow,4717000000.0,5373058000.0,22062000000.0,149664000000.0,7421000000.0,7234000000.0,6942000000.0,-3152000000.0,32217000000.0,17946000000.0,19414000000.0,12121000000.0,25682000000.0,5080000000.0,31098000000.0,18693000000.0,3318100000.0,4357000000.0,286568900000.0,63973491832.3
