,TM,INTU,MMC,META,GOOGL,BCE,ASML,BHP,ADP,UPS,SONY,WMT,BMY,UNH,ORCL,V,RHHBY,JNJ,AMD,BLK
Net Income,4944933000000.0,2963000000.0,3756000000.0,39098000000.0,73795000000.0,2263000000.0,7839000000.0,7897000000.0,3752000000.0,6708000000.0,970573000000.0,15511000000.0,8025000000.0,22381000000.0,10467000000.0,19743000000.0,11498000000.0,35153000000.0,854000000.0,5502000000.0
Net Assets,35239338000000.0,18436000000.0,12370000000.0,153168000000.0,283379000000.0,20557000000.0,13452400000.0,49120000000.0,4547600000.0,17314000000.0,7756105000000.0,90571000000.0,29485000000.0,98919000000.0,9239000000.0,39137000000.0,33263000000.0,68774000000.0,55892000000.0,41240000000.0
Current Ratio,1.1897452624175364,1.2919503404084902,1.0986612781005305,2.6709949937421777,2.096584936563424,0.6523498802345751,1.4988847720695313,1.7024342473419138,1.010259538598048,1.0982688391038697,0.6649113107330276,0.8318671211383434,1.4270954990566884,0.7918610051083248,0.7150012680699974,1.2834408115548517,1.3473251691911055,1.1558489261483946,2.506802212587831,15.462096774193549
Free Cash Flow,-842021000000.0,4634000000.0,3842000000.0,43847000000.0,69495000000.0,3182000000.0,3247200000.0,11849000000.0,3594200000.0,5080000000.0,749267000000.0,15120000000.0,12651000000.0,25682000000.0,11807000000.0,18693000000.0,11446000000.0,17778000000.0,1121000000.0,3821000000.0
