,TM,INTU,MMC,META,GOOGL,BCE,ASML,BHP,ADP,UPS,SONY,WMT,BMY,UNH,ORCL,V,RHHBY,JNJ,AMD,BLK
Yearly Average Close,159.5070795288086,472.1472938232422,178.66373657226563,260.4294568786621,118.36563491821289,38.840062271118164,653.3821059570313,56.5135888671875,221.8727827758789,159.88065661621093,17.198444370269776,50.0436506652832,58.213834426879885,487.6820393066406,101.995025390625,231.9939898071289,35.18708535003662,152.95391094970702,103.02935989379883,666.2403579101563
