,AAPL,MSFT,GOOGL,NVDA,META,XOM,JNJ,WMT,PG,MA,CVX,PEP,NSRGY,MRK,RHHBY,KO,LVMUY,NVO,PFE,CMCSA,TMO,NKE,CRM,NFLX,TM,CSCO,AZN,ACN,SHEL,INTC,MCD,VZ,DIS,BUD,SAP,TMUS,ORCL,LRLCY,ASML,AMT,COP,PM,DHR,UNP,TXN,COST,SHOP,BMY,BHP,NEE,MO,GSK,TTE,MDLZ,T,DUK,SONY,INTU,AMD,DE,BLK,ADP,LOW,QCOM,BCE,TGT,MMC,BA,CAT,UL,RIO,BP,FDX,CVS,ENB,MU,ZTS,PAYX,CSX,GM
Yearly Average Close,171.28199554443358,310.41209222412107,118.36563491821289,36.552497791290286,260.42945608520506,103.25033352661133,152.9539110107422,50.043650512695315,143.52608599853517,381.9142315673828,150.46073126220702,169.02117156982422,113.77630227661133,103.69522570800781,35.18708535003662,57.06470239257813,167.41408642578125,83.68572625732422,33.949352699279785,39.350949462890625,527.5923018798828,109.77999295043945,202.86212921142578,390.2478798828125,159.5070795288086,48.32021374511719,66.66525335693359,293.80613165283205,58.114250457763674,33.15807413482666,269.08994104003904,32.51949714660645,91.12699291992188,58.04183821105957,130.27959124755859,140.29582391357422,101.99502560424804,86.03647521972657,653.395025390625,183.79715441894533,106.50381118774413,88.34257580566407,217.19534606933593,202.74866119384765,161.2372045288086,519.0168841552735,56.293119857788085,58.21383450317383,56.51358889770508,66.60091929626465,38.599874572753905,33.53380113220215,57.72801875305176,67.35906059265136,15.032506450653075,88.24846105957032,17.198444347381592,472.1472951660156,103.02935989379883,387.23762829589845,666.2403610839843,221.8727817993164,203.94632556152345,115.82175637817383,38.840062225341796,133.8017951965332,178.6637364501953,212.07215997314452,243.01331323242186,48.10334893798828,61.00021141052246,34.27049275207519,229.4107353515625,70.22498385620118,33.57316455078125,65.5363363494873,171.5255093383789,110.54792929077148,30.824922508239744,34.13489199829102
