,RTX,PLD,ABBV,BABA,GILD,SNY,ADBE,LLY,AMZN,HD,AVGO,IBM,UNH,UPS,PBR,V,SBUX,TSLA,TSM,600519.SS
Yearly Average Close,86.89360760498047,114.78423571777344,140.46356713867186,86.6488190612793,74.55214038085937,48.36752784729004,465.5967598876953,459.89677856445314,121.3728003540039,296.7215433349609,76.41559114074707,131.38772711181642,487.6820391845703,159.88065606689455,10.501631433486939,231.99398962402344,97.2364476928711,217.4752395629883,90.9076417236328,1674.568217632199
